INSERT INTO Departments (DepartmentID, DepartmentName)
VALUES
    (1, 'IT'),
    (2, 'Human Resources'),
    (3, 'Accounting'),
    (4, 'Project Management');

INSERT INTO Projects (ProjectID, ProjectName, StartDate, EndDate)
VALUES
    (1, 'Project A', '2023-01-15', '2023-05-30'),
    (2, 'Project B', '2023-02-20', '2023-06-15'),
    (3, 'Project C', '2023-03-10', '2023-07-25'),
    (4, 'Project D', '2023-04-05', '2023-08-10');

INSERT INTO Employees (EmployeeID, FirstName, LastName, DepartmentID, ProjectID, Salary)
VALUES
    (1, 'John', 'Smith', 1, 1, 60000.00),
    (2, 'Jane', 'Doe', 2, 2, 55000.00),
    (3, 'Robert', 'Johnson', 1, 3, 62000.00),
    (4, 'Emily', 'Davis', 3, 4, 58000.00),
    (5, 'Michael', 'Brown', 2, 1, 64000.00),
    (6, 'Jessica', 'Lee', 1, 2, 59000.00),
    (7, 'David', 'Wilson', 4, 3, 67000.00),
    (8, 'Sarah', 'Miller', 1, 4, 62000.00),
    (9, 'Christopher', 'Anderson', 3, 1, 58000.00),
    (10, 'Amanda', 'Thompson', 2, 2, 59000.00),
    (11, 'James', 'Harris', 1, 3, 64000.00),
    (12, 'Jennifer', 'Clark', 4, 4, 60000.00),
    (13, 'Matthew', 'Lewis', 2, 1, 62000.00),
    (14, 'Elizabeth', 'Young', 1, 2, 58000.00),
    (15, 'Daniel', 'Turner', 3, 3, 55000.00),
    (16, 'Linda', 'Hernandez', 1, 4, 64000.00),
    (17, 'David', 'Walker', 4, 1, 61000.00),
    (18, 'Patricia', 'Gonzalez', 2, 2, 60000.00),
    (19, 'John', 'Hall', 1, 3, 62000.00),
    (20, 'Mary', 'Perez', 3, 4, 59000.00),
    (21, 'William', 'Young', 1, 1, 55000.00),
    (22, 'Karen', 'Sanchez', 2, 2, 61000.00),
    (23, 'Joseph', 'Martinez', 1, 3, 59000.00),
    (24, 'Nancy', 'Wright', 4, 4, 63000.00),
    (25, 'Charles', 'Hill', 2, 1, 60000.00),
    (26, 'Lisa', 'Lopez', 1, 2, 64000.00),
    (27, 'Thomas', 'Scott', 3, 3, 58000.00),
    (28, 'Margaret', 'Green', 1, 4, 57000.00),
    (29, 'Robert', 'Adams', 4, 1, 63000.00),
    (30, 'Karen', 'Baker', 2, 2, 59000.00),
    (31, 'Michael', 'Garcia', 1, 3, 62000.00),
    (32, 'Susan', 'Martin', 3, 4, 61000.00),
    (33, 'David', 'Lee', 1, 1, 57000.00),
    (34, 'Donna', 'Lewis', 2, 2, 63000.00),
    (35, 'James', 'Moore', 1, 3, 60000.00),
    (36, 'Betty', 'Smith', 4, 4, 58000.00),
    (37, 'William', 'Brown', 2, 1, 62000.00),
    (38, 'Helen', 'Clark', 1, 2, 59000.00),
    (39, 'Richard', 'Johnson', 3, 3, 55000.00),
    (40, 'Sandra', 'Harris', 1, 4, 64000.00),
    (41, 'Thomas', 'Davis', 4, 1, 60000.00),
    (42, 'Nancy', 'Hall', 2, 2, 62000.00),
    (43, 'Michael', 'Hernandez', 1, 3, 61000.00),
    (44, 'Deborah', 'Young', 3, 4, 59000.00),
    (45, 'Charles', 'Walker', 1, 1, 57000.00),
    (46, 'Linda', 'Perez', 2, 2, 63000.00),
    (47, 'Robert', 'Sanchez', 1, 3, 61000.00),
    (48, 'Karen', 'Martinez', 4, 4, 60000.00),
    (49, 'Joseph', 'Wright', 2, 1, 58000.00),
    (50, 'Susan', 'Lopez', 1, 2, 64000.00),
    (51, 'David', 'Scott', 3, 3, 57000.00),
    (52, 'Margaret', 'Adams', 1, 4, 62000.00),
    (53, 'William', 'Baker', 4, 1, 61000.00),
    (54, 'Donna', 'Garcia', 2, 2, 59000.00),
    (55, 'James', 'Martin', 1, 3, 60000.00),
    (56, 'Betty', 'Lee', 3, 4, 58000.00),
    (57, 'Michael', 'Moore', 1, 1, 64000.00),
    (58, 'Helen', 'Smith', 2, 2, 57000.00),
    (59, 'Richard', 'Brown', 1, 3, 63000.00),
    (60, 'Sandra', 'Clark', 4, 4, 62000.00);
